{
    "batch_size": 128,
    "best_valid_measure": 0.5815282636180152,
    "epoch": 8,
    "last_improvement": 4,
    "last_improvement_epoch": 4,
    "learning_rate": 0.001,
    "num_increases_bs": 0,
    "num_reductions_lr": 0,
    "steps": 648,
    "test_stats": {
        "airline_sentiment": {
            "accuracy": [
                0.7372736590365562,
                0.7041339255210113,
                0.6740690126409293,
                0.788520669627605,
                0.7321489579774513,
                0.7956952511103519,
                0.789545609839426,
                0.7936453706867099
            ],
            "hits_at_k": [
                1.0,
                1.0,
                1.0,
                1.0,
                1.0,
                1.0,
                1.0,
                1.0
            ],
            "loss": [
                0.6383259313522771,
                0.7493190980421873,
                0.8504472073736474,
                0.6125370047790506,
                0.85112117328129,
                0.8134706964417859,
                1.0863160399556526,
                0.6891758419932218
            ]
        },
        "combined": {
            "accuracy": [
                0.7372736590365562,
                0.7041339255210113,
                0.6740690126409293,
                0.788520669627605,
                0.7321489579774513,
                0.7956952511103519,
                0.789545609839426,
                0.7936453706867099
            ],
            "loss": [
                0.6383259313522771,
                0.7493190980421873,
                0.8504472073736474,
                0.6125370047790506,
                0.85112117328129,
                0.8134706964417859,
                1.0863160399556526,
                0.6891758419932218
            ]
        }
    },
    "train_stats": {
        "airline_sentiment": {
            "accuracy": [
                0.7940009675858732,
                0.8412191582002903,
                0.8640541848089018,
                0.9877116594097726,
                0.9757135945815191,
                0.9878084179970973,
                0.9827769714562168,
                0.9818093855829705
            ],
            "hits_at_k": [
                1.0,
                1.0,
                1.0,
                1.0,
                1.0,
                1.0,
                1.0,
                1.0
            ],
            "loss": [
                0.47035318272207227,
                0.37257741458414834,
                0.31162075574235404,
                0.060281863925418934,
                0.08348021874060997,
                0.04046469882426195,
                0.0529999667844394,
                0.061517775364411185
            ]
        },
        "combined": {
            "accuracy": [
                0.7940009675858732,
                0.8412191582002903,
                0.8640541848089018,
                0.9877116594097726,
                0.9757135945815191,
                0.9878084179970973,
                0.9827769714562168,
                0.9818093855829705
            ],
            "loss": [
                0.47035318272207227,
                0.37257741458414834,
                0.31162075574235404,
                0.060281863925418934,
                0.08348021874060997,
                0.04046469882426195,
                0.0529999667844394,
                0.061517775364411185
            ]
        }
    },
    "vali_stats": {
        "airline_sentiment": {
            "accuracy": [
                0.7467343976777939,
                0.704644412191582,
                0.6850507982583455,
                0.7793904208998549,
                0.7474600870827286,
                0.793178519593614,
                0.7866473149492017,
                0.785921625544267
            ],
            "hits_at_k": [
                1.0,
                1.0,
                1.0,
                1.0,
                1.0,
                1.0,
                1.0,
                1.0
            ],
            "loss": [
                0.6173477062120147,
                0.7510565022771695,
                0.8157235133111563,
                0.5815282636180152,
                0.8319634436176893,
                0.7655055983146147,
                1.0342327278480474,
                0.697051033053239
            ]
        },
        "combined": {
            "accuracy": [
                0.7467343976777939,
                0.704644412191582,
                0.6850507982583455,
                0.7793904208998549,
                0.7474600870827286,
                0.793178519593614,
                0.7866473149492017,
                0.785921625544267
            ],
            "loss": [
                0.6173477062120147,
                0.7510565022771695,
                0.8157235133111563,
                0.5815282636180152,
                0.8319634436176893,
                0.7655055983146147,
                1.0342327278480474,
                0.697051033053239
            ]
        }
    }
}