{
    "batch_size": 128,
    "best_valid_measure": 0.312885774153717,
    "epoch": 8,
    "last_improvement": 4,
    "last_improvement_epoch": 4,
    "learning_rate": 0.001,
    "num_increases_bs": 0,
    "num_reductions_lr": 0,
    "steps": 2200,
    "test_stats": {
        "combined": {
            "accuracy": [
                0.8153334676606891,
                0.8305460407011888,
                0.8619786419504332,
                0.8758815232722144,
                0.8176506145476526,
                0.7530727382631472,
                0.8617771509167842,
                0.8869635301229095
            ],
            "loss": [
                0.4007258104888898,
                0.38182943395229924,
                0.3274216166720524,
                0.32206046722983966,
                0.5883007038031137,
                0.9217520042602367,
                0.4571528531792614,
                0.5036875957110081
            ]
        },
        "sentiment": {
            "accuracy": [
                0.8153334676606891,
                0.8305460407011888,
                0.8619786419504332,
                0.8758815232722144,
                0.8176506145476526,
                0.7530727382631472,
                0.8617771509167842,
                0.8869635301229095
            ],
            "hits_at_k": [
                1.0,
                1.0,
                1.0,
                1.0,
                1.0,
                1.0,
                1.0,
                1.0
            ],
            "loss": [
                0.4007258104888898,
                0.38182943395229924,
                0.3274216166720524,
                0.32206046722983966,
                0.5883007038031137,
                0.9217520042602367,
                0.4571528531792614,
                0.5036875957110081
            ]
        }
    },
    "train_stats": {
        "combined": {
            "accuracy": [
                0.8756649125302233,
                0.926667614848528,
                0.9764187171099417,
                0.9908121177641872,
                0.9441046792774854,
                0.8597354572607026,
                0.9944531361115062,
                0.9999146636324847
            ],
            "loss": [
                0.3208678142323533,
                0.18165989825471573,
                0.08712828871773513,
                0.03859670313607407,
                0.13192611965731627,
                0.3372670090023882,
                0.01964869383394574,
                0.000508729036633959
            ]
        },
        "sentiment": {
            "accuracy": [
                0.8756649125302233,
                0.926667614848528,
                0.9764187171099417,
                0.9908121177641872,
                0.9441046792774854,
                0.8597354572607026,
                0.9944531361115062,
                0.9999146636324847
            ],
            "hits_at_k": [
                1.0,
                1.0,
                1.0,
                1.0,
                1.0,
                1.0,
                1.0,
                1.0
            ],
            "loss": [
                0.3208678142323533,
                0.18165989825471573,
                0.08712828871773513,
                0.03859670313607407,
                0.13192611965731627,
                0.3372670090023882,
                0.01964869383394574,
                0.000508729036633959
            ]
        }
    },
    "vali_stats": {
        "combined": {
            "accuracy": [
                0.8229314901402724,
                0.8383817849156333,
                0.8674527342955886,
                0.8851392559463306,
                0.8176458629802805,
                0.7556413905265298,
                0.8672494409432812,
                0.8930676966863184
            ],
            "loss": [
                0.39683882117538,
                0.38060853442032905,
                0.32165983843352647,
                0.312885774153717,
                0.5665410846974651,
                0.8810091625507539,
                0.44845046035447095,
                0.4959569978723683
            ]
        },
        "sentiment": {
            "accuracy": [
                0.8229314901402724,
                0.8383817849156333,
                0.8674527342955886,
                0.8851392559463306,
                0.8176458629802805,
                0.7556413905265298,
                0.8672494409432812,
                0.8930676966863184
            ],
            "hits_at_k": [
                1.0,
                1.0,
                1.0,
                1.0,
                1.0,
                1.0,
                1.0,
                1.0
            ],
            "loss": [
                0.39683882117538,
                0.38060853442032905,
                0.32165983843352647,
                0.312885774153717,
                0.5665410846974651,
                0.8810091625507539,
                0.44845046035447095,
                0.4959569978723683
            ]
        }
    }
}